id,category,requirement,section,block_id,source_quote,quote_check
R01,Timeline,Complete the full engagement within 16 weeks from commencement.,2. Scope of Work and Objectives,B007,The appointed consultant shall complete the full engagement within 16 weeks from the official commencement date.,verified
R02,Scope,Benchmark the group's AI maturity against at least three regional and global logistics peers.,2. Scope of Work and Objectives,B008,the consultant shall benchmark the group's AI maturity against at least three regional and global logistics peers.,verified
R03,Scope,Assess the current AI and analytics maturity of all five business units.,2. Scope of Work and Objectives,B008,"the consultant shall thoroughly assess the current AI and analytics maturity of all five business units (Ports, Freight, Warehousing, Customs Brokerage, Corporate Services).",verified
R04,Scope,"Assess the readiness of data infrastructure and data governance including ownership, quality, and policies.",2. Scope of Work and Objectives,B009,"the consultant shall assess the readiness of the group's data infrastructure and its data governance, encompassing data ownership, data quality standards, and data policies.",verified
R05,Scope,Identify at least 20 AI use cases and prioritise them by value and feasibility with financial estimates.,2. Scope of Work and Objectives,B009,"the consultant shall identify at least 20 AI use cases and prioritise them by business value and feasibility, with an estimated financial impact for each.",verified
R06,Scope,"Design an AI target operating model, including an AI Centre of Excellence, roles, and decision rights.",2. Scope of Work and Objectives,B011,"The consultant shall design an AI target operating model, including an AI Centre of Excellence, key roles, and decision rights.",verified
R07,Scope,Develop a Responsible AI framework aligned with the UAE's national AI ethics principles.,2. Scope of Work and Objectives,B012,The consultant shall develop a Responsible AI framework aligned with the UAE's national AI ethics principles.,verified
R08,Scope,Design a change management and AI upskilling programme for approximately 500 employees.,2. Scope of Work and Objectives,B013,The consultant shall design a change management and AI upskilling programme reaching approximately 500 employees.,verified
R09,Deliverable,Deliver two proof-of-concept pilots for top-priority use cases.,2. Scope of Work and Objectives,B014,The consultant shall deliver two proof-of-concept pilots for top-priority use cases.,verified
R10,Timeline,Mobilise the team and hold the project kick-off within two weeks of contract signature.,3. Project Timeline and Governance,B016,The consultant shall mobilise the team and hold the project kick-off within two weeks of contract signature.,verified
R11,Timeline,Hold an interim Steering Committee review at week 8 to evaluate preliminary findings and adjustments.,3. Project Timeline and Governance,B017,"the consultant shall hold an interim Steering Committee review at week 8 to evaluate preliminary findings, review initial use-case prioritisation, and adjust project trajectories as necessary.",verified
R12,Deliverable,Provide all final deliverables in both Arabic and English.,4. Required Deliverables,B019,All final deliverables provided in both Arabic and English.,verified
R13,Deliverable,Deliver a current-state assessment report detailing maturity across all operational domains.,4. Required Deliverables,B020,The mandated outputs must include a current-state assessment report detailing maturity across all operational domains,verified
R14,Deliverable,Provide a prioritised AI use-case portfolio.,4. Required Deliverables,B020,alongside a prioritised AI use-case portfolio.,verified
R15,Deliverable,Formulate a three-year AI roadmap including investment estimates by year.,4. Required Deliverables,B020,the consultant shall formulate a three-year AI roadmap including investment estimates by year.,verified
R16,Deliverable,"Deliver a final presentation to the Executive Board summarising the strategy, governance, and pilot outcomes.",4. Required Deliverables,B021,"a final presentation to the Executive Board, summarising the strategic roadmap, governance models, and pilot outcomes.",verified
R17,Proposal requirement,Include detailed company profiles in the proposal submission.,5. Proposal Submission Requirements,B023,submissions must contain detailed company profiles,verified
R18,Proposal requirement,Demonstrate logistics sector experience in the proposal.,5. Proposal Submission Requirements,B023,demonstrable logistics sector experience,verified
R19,Proposal requirement,Include comprehensive methodological approaches within the proposal.,5. Proposal Submission Requirements,B023,and comprehensive methodological approaches.,verified
R20,Proposal requirement,"Provide CVs of the proposed team, including at least two Arabic-speaking consultants.",5. Proposal Submission Requirements,B024,"the consultant shall provide CVs of the proposed team, including at least two Arabic-speaking consultants.",verified
R21,Proposal requirement,Provide fixed-fee pricing broken down by project phase.,5. Proposal Submission Requirements,B024,Bidders must also provide fixed-fee pricing broken down by project phase.,verified
